IRB3TB419831,1398.03.27
IRB3TB209841,1398.04.11
IRB3TB239841,1398.04.11
IRB3TB429841,1398.04.30
IRB3TB299851,1398.05.23
IRB3TB389851,1398.05.23
IRB3TB439851,1398.05.30
IRB3TB379861,1398.06.27
IRB3TB189871,1398.07.22
IRB3TB459871,1398.07.22
IRB3TB399871,1398.07.23
IRB3TB169881,1398.08.20
IRB3TB269881,1398.08.20
IRB3TB219891,1398.09.11
IRB3TB2598A1,1398.10.16
IRB3TB2298A1,1398.10.16
IRB3TB4898A1,1398.10.17
IRB3TB2498B1,1398.11.14
IRB3TB369941,1399.04.23
IRB3TB409951,1399.05.13
IRB3TB309951,1399.05.28
IRB3TB319961,1399.06.25
IRB3TB349971,1399.07.21
IRB3TB3599A1,1399.10.22
IRB3TB470041,1400.04.07
IRB3TB440051,1400.05.18
